<?xml version="1.0" encoding="UTF-8"?>
<project-private xmlns="http://www.netbeans.org/ns/project-private/1">
    <editor-bookmarks xmlns="http://www.netbeans.org/ns/editor-bookmarks/2" lastBookmarkId="0"/>
    <open-files xmlns="http://www.netbeans.org/ns/projectui-open-files/2">
        <group>
            <file>file:/C:/Users/jude/Music/SnakeGame-master/src/snake/Splash.java</file>
            <file>file:/C:/Users/jude/Music/SnakeGame-master/src/snake/Ular.java</file>
            <file>file:/C:/Users/jude/Music/SnakeGame-master/src/cls/ClassDB.java</file>
            <file>file:/C:/Users/jude/Music/SnakeGame-master/src/snake/Arena.java</file>
            <file>file:/C:/Users/jude/Music/SnakeGame-master/src/atas.png</file>
            <file>file:/C:/Users/jude/Music/SnakeGame-master/src/bawah.png</file>
        </group>
    </open-files>
</project-private>
